# 功能预览

## login
使用标准mysql client进行连接MySQL-Piper:
```
#mysql -h192.168.1.100 -P6066 -uadmin -p
Enter password:
Welcome to the MySQL monitor.  Commands end with ; or \g.
Your MySQL connection id is 2
Server version: 0.0.1-dev (MySQL-Piper GPL)

Copyright (c) 2000, 2017, Oracle and/or its affiliates. All rights reserved.

Oracle is a registered trademark of Oracle Corporation and/or its
affiliates. Other names may be trademarks of their respective
owners.

Type 'help;' or '\h' for help. Type '\c' to clear the current input statement.
mysql>
```

## 查看帮助
使用MySQL-Piper命令
```
mysql> show helps;
+----+----------------------------+---------------------------------------+
| id | command                    | desc                                  |
+----+----------------------------+---------------------------------------+
|  1 | show helps                 | 查看帮助信息                          |
|  2 | show servers               | 查看服务器信息                        |
|  3 | show users                 | 查看用户信息                          |
|  4 | show history               | 查看历史命令                          |
|  5 | change server [pipe_name]  | 切换管道,如: change server main       |
+----+----------------------------+---------------------------------------+
5 rows in set (0.01 sec)
```

## 查看服务器
```
mysql> show servers;
+-----------+---------------+-------------+-------------+
| pipe_name | server_host   | server_port | server_user |
+-----------+---------------+-------------+-------------+
| db1       | 192.168.1.101 |        3306 | admin       |
| db2       | 192.168.1.102 |        3306 | admin       |
+-----------+---------------+-------------+-------------+
2 rows in set (0.01 sec)
```

## 使用管道
### in line方式
直接在标准SQL后面增加管道名
```
mysql> select @@hostname => db1;
+------------+
| @@hostname |
+------------+
| centos72.1 |
+------------+
1 row in set (0.00 sec)

mysql> select @@hostname => db2;
+------------+
| @@hostname |
+------------+
| centos72.2 |
+------------+
1 row in set (0.01 sec)
```

### 切换通道
切换后,直接建立相应的管道
```
mysql> change server db1;
+-----------+---------------+-------------+-------------+
| pipe_name | server_host   | server_port | server_user |
+-----------+---------------+-------------+-------------+
| db1       | 192.168.1.101 |        3306 | admin       |
+-----------+---------------+-------------+-------------+
1 row in set (0.00 sec)

mysql> select @@hostname;
+------------+
| @@hostname |
+------------+
| centos72.1 |
+------------+
1 row in set (0.00 sec)

mysql> change server db2;
+-----------+---------------+-------------+-------------+
| pipe_name | server_host   | server_port | server_user |
+-----------+---------------+-------------+-------------+
| db2       | 192.168.1.102 |        3306 | admin       |
+-----------+---------------+-------------+-------------+
1 row in set (0.00 sec)

mysql> select @@hostname;
+------------+
| @@hostname |
+------------+
| centos72.2 |
+------------+
1 row in set (0.00 sec)
mysql> change server main;
+-----------+
| pipe_name |
+-----------+
| main      |
+-----------+
1 row in set (0.00 sec)

mysql> select @@hostname;
+------------+
| @@hostname |
+------------+
| centos72.0 |
+------------+
1 row in set (0.07 sec)
```

## 查看用户
```
mysql> show users;
+---------+-----------+
| user_id | user_name |
+---------+-----------+
|       1 | admin     |
|       2 | alvin     |
+---------+-----------+
2 rows in set (0.38 sec)
```

## 查看历史记录
操作记录一目了然
```
mysql> show history;
+----+---------+-----------+--------------------------+
| id | user_id | server_id | command_text             |
+----+---------+-----------+--------------------------+
| 56 |       1 |         0 | show history             |
| 55 |       1 |         0 | show users               |
| 54 |       1 |         0 | select @@hostname        |
| 53 |       1 |         2 | change server main       |
| 52 |       1 |         2 | select @@hostname        |
| 51 |       1 |         1 | change server db2        |
| 50 |       1 |         1 | select @@hostname        |
| 49 |       1 |         0 | change server db1        |
| 48 |       1 |         0 | select @@hostname => db2 |
| 47 |       1 |         0 | select @@hostname => db1 |
+----+---------+-----------+--------------------------+
10 rows in set (0.01 sec)
```
